ssn,type,count_type
101-23-4003,china-unionpay,1
101-23-4003,diners-club-carte-blanche,1
101-28-0170,jcb,1
101-28-0170,laser,1
101-95-0269,diners-club-enroute,2
101-95-0269,mastercard,1
102-43-7970,mastercard,2
102-56-9727,jcb,1
102-56-9727,maestro,1
102-56-9727,mastercard,1
103-21-2616,americanexpress,1
103-21-2616,jcb,1
104-57-4862,americanexpress,1
104-57-4862,jcb,1
104-57-4862,maestro,1
104-57-4862,mastercard,1
104-76-7098,diners-club-international,1
104-76-7098,jcb,1
105-36-5222,instapayment,1
105-36-5222,jcb,1
105-43-8315,jcb,2
105-50-6974,diners-club-enroute,1
105-50-6974,jcb,1
105-50-6974,switch,1
105-74-3193,diners-club-carte-blanche,1
105-74-3193,jcb,1
107-49-9290,jcb,2
107-88-3134,jcb,1
107-88-3134,maestro,1
108-85-9841,diners-club-carte-blanche,1
108-85-9841,jcb,2
109-89-3303,diners-club-us-ca,1
109-89-3303,jcb,1
109-89-3303,mastercard,1
111-43-4006,jcb,1
111-43-4006,maestro,1
111-76-7463,americanexpress,1
111-76-7463,mastercard,1
112-29-9009,jcb,2
112-89-3462,jcb,2
113-20-6060,jcb,2
116-38-5846,jcb,1
116-38-5846,mastercard,1
116-55-6682,instapayment,1
116-55-6682,jcb,1
116-55-6682,mastercard,1
116-56-7765,china-unionpay,1
116-56-7765,diners-club-carte-blanche,1
116-68-0073,mastercard,2
116-76-1027,jcb,3
117-88-3184,maestro,3
118-41-7254,bankcard,1
118-41-7254,jcb,1
119-23-0359,diners-club-enroute,1
119-23-0359,visa,1
119-42-2065,diners-club-carte-blanche,1
119-42-2065,jcb,1
120-16-9235,jcb,1
120-16-9235,solo,1
120-63-9207,americanexpress,1
120-63-9207,bankcard,1
120-63-9207,china-unionpay,1
121-25-1837,jcb,1
121-25-1837,mastercard,1
121-30-4532,americanexpress,1
121-30-4532,china-unionpay,1
121-33-8259,china-unionpay,1
121-33-8259,jcb,1
121-61-7392,diners-club-enroute,1
121-61-7392,jcb,1
122-01-0008,jcb,2
122-01-0008,mastercard,1
122-25-5472,instapayment,1
122-25-5472,jcb,1
124-05-0503,jcb,1
124-05-0503,mastercard,1
124-10-5077,jcb,2
124-56-5216,maestro,2
124-67-4511,jcb,1
124-67-4511,mastercard,1
124-67-4511,switch,1
125-11-9547,jcb,1
125-11-9547,maestro,1
125-99-1849,americanexpress,1
125-99-1849,solo,1
126-70-5791,laser,1
126-70-5791,visa-electron,2
126-76-4054,americanexpress,2
126-76-4054,jcb,1
126-76-4054,laser,1
127-81-8652,diners-club-enroute,2
127-81-8652,jcb,1
128-54-2981,diners-club-carte-blanche,1
128-54-2981,jcb,1
129-05-3570,americanexpress,2
129-55-2663,instapayment,1
129-55-2663,jcb,1
129-55-2663,mastercard,1
130-15-8759,instapayment,1
130-15-8759,mastercard,1
130-89-0881,maestro,1
130-89-0881,mastercard,2
134-20-1855,americanexpress,2
134-20-1855,jcb,1
134-20-1855,solo,1
134-41-6087,diners-club-carte-blanche,1
134-41-6087,diners-club-enroute,1
134-41-6087,jcb,1
134-83-9016,mastercard,1
134-83-9016,visa-electron,1
134-91-8431,jcb,2
134-91-8431,visa-electron,1
135-17-0272,jcb,1
135-17-0272,mastercard,1
135-17-0272,visa,1
136-28-0136,diners-club-carte-blanche,1
136-28-0136,visa,1
136-58-6406,jcb,1
136-58-6406,switch,1
136-86-3677,jcb,3
137-54-8553,jcb,3
137-54-8553,mastercard,1
138-67-2804,jcb,1
138-67-2804,maestro,1
138-67-2804,mastercard,1
139-20-0161,bankcard,1
139-20-0161,jcb,1
139-48-4495,jcb,1
139-48-4495,switch,1
139-51-8679,china-unionpay,1
139-51-8679,jcb,2
139-94-8592,jcb,1
139-94-8592,mastercard,1
141-27-5209,jcb,1
141-27-5209,maestro,1
141-27-5209,switch,1
143-51-9129,instapayment,1
143-51-9129,jcb,1
143-53-7619,diners-club-carte-blanche,1
143-53-7619,jcb,1
143-53-7619,solo,1
143-60-6180,diners-club-enroute,1
143-60-6180,jcb,1
143-60-6180,switch,1
145-01-7020,maestro,2
145-95-9488,jcb,1
145-95-9488,mastercard,1
146-33-7042,jcb,1
146-33-7042,solo,1
146-49-5376,diners-club-enroute,1
146-49-5376,jcb,2
146-66-2213,mastercard,1
146-66-2213,switch,1
148-08-0602,instapayment,1
148-08-0602,mastercard,1
148-29-1885,jcb,1
148-29-1885,visa,1
148-37-0888,americanexpress,1
148-37-0888,visa-electron,1
149-76-4517,diners-club-international,1
149-76-4517,jcb,1
149-93-7531,americanexpress,1
149-93-7531,mastercard,1
150-05-9341,jcb,2
150-85-0837,jcb,2
151-01-8176,diners-club-carte-blanche,1
151-01-8176,jcb,1
152-59-6491,diners-club-carte-blanche,1
152-59-6491,instapayment,1
153-93-7015,diners-club-us-ca,1
153-93-7015,jcb,1
154-20-0709,jcb,1
154-20-0709,switch,1
154-20-0709,visa,1
154-37-3788,china-unionpay,1
154-37-3788,jcb,1
154-37-3788,switch,1
154-46-3269,china-unionpay,1
154-46-3269,jcb,1
154-46-3269,switch,1
154-57-2937,jcb,1
154-57-2937,visa-electron,1
155-15-7556,diners-club-enroute,1
155-15-7556,jcb,1
155-15-7556,maestro,1
155-61-2367,instapayment,1
155-61-2367,jcb,2
155-61-2367,mastercard,1
155-62-9139,americanexpress,2
155-62-9139,instapayment,1
157-15-8378,jcb,1
157-15-8378,maestro,1
157-15-8378,visa,1
157-16-9342,americanexpress,1
157-16-9342,jcb,1
157-54-5160,jcb,2
157-73-9061,jcb,1
157-73-9061,visa-electron,1
157-80-4542,jcb,2
157-82-9220,jcb,1
157-82-9220,switch,1
157-91-8159,jcb,1
157-91-8159,maestro,1
158-36-3613,jcb,1
158-36-3613,laser,1
159-49-0391,diners-club-us-ca,1
159-49-0391,jcb,1
159-49-0391,switch,1
159-49-0391,visa-electron,1
160-23-4723,jcb,1
160-23-4723,maestro,1
160-23-4723,visa-electron,1
160-62-7059,jcb,1
160-62-7059,visa-electron,1
161-21-0669,bankcard,2
161-78-6177,jcb,1
161-78-6177,visa-electron,1
161-97-9697,jcb,3
162-32-8542,americanexpress,1
162-32-8542,switch,1
164-78-4880,americanexpress,1
164-78-4880,jcb,1
164-78-4880,visa,1
164-83-1155,maestro,1
164-83-1155,switch,1
165-65-0399,americanexpress,1
165-65-0399,jcb,2
165-84-1561,jcb,2
165-95-0833,americanexpress,1
165-95-0833,jcb,1
166-32-5119,china-unionpay,1
166-32-5119,jcb,1
167-21-4986,diners-club-us-ca,1
167-21-4986,jcb,2
167-21-4986,visa-electron,1
167-68-5288,diners-club-international,1
167-68-5288,instapayment,1
167-78-2679,jcb,2
167-78-2679,switch,1
168-02-8269,jcb,4
168-66-1137,jcb,1
168-66-1137,mastercard,1
168-66-1137,visa-electron,1
168-91-5336,diners-club-enroute,1
168-91-5336,switch,1
169-08-1607,bankcard,1
169-08-1607,china-unionpay,1
169-08-1607,diners-club-carte-blanche,1
169-33-6050,jcb,1
169-33-6050,switch,1
170-01-0406,bankcard,1
170-01-0406,diners-club-enroute,1
170-11-9258,maestro,1
170-11-9258,switch,1
171-20-8081,jcb,3
171-65-5913,bankcard,1
171-65-5913,mastercard,1
171-80-2958,jcb,1
171-80-2958,visa,1
172-42-6802,jcb,2
172-53-1061,bankcard,1
172-53-1061,jcb,1
173-11-0251,jcb,1
173-11-0251,visa-electron,2
173-43-3852,jcb,1
173-43-3852,visa-electron,1
173-98-4995,americanexpress,1
173-98-4995,mastercard,1
174-21-5477,jcb,2
174-74-0316,maestro,1
174-74-0316,mastercard,1
176-08-1774,americanexpress,1
176-08-1774,laser,1
176-45-1358,diners-club-carte-blanche,1
176-45-1358,jcb,1
176-45-1358,maestro,1
176-85-5122,bankcard,1
176-85-5122,jcb,1
176-85-5122,maestro,1
177-32-4323,jcb,1
177-32-4323,switch,1
177-40-9442,jcb,2
177-83-8766,diners-club-enroute,1
177-83-8766,visa-electron,1
178-28-5110,jcb,1
178-28-5110,switch,1
178-44-5523,jcb,1
178-44-5523,maestro,1
178-44-5523,visa,1
179-35-6052,diners-club-international,1
179-35-6052,jcb,1
179-42-9949,jcb,1
179-42-9949,laser,1
179-42-9949,switch,1
179-89-9669,diners-club-carte-blanche,1
179-89-9669,jcb,1
182-31-4355,americanexpress,1
182-31-4355,diners-club-carte-blanche,1
182-94-2844,jcb,1
182-94-2844,visa,1
184-96-1849,jcb,3
185-06-7548,instapayment,1
185-06-7548,jcb,1
185-24-1696,china-unionpay,1
185-24-1696,diners-club-enroute,1
185-24-1696,jcb,1
186-10-6623,bankcard,1
186-10-6623,maestro,1
187-12-0043,diners-club-carte-blanche,1
187-12-0043,jcb,1
187-85-6479,jcb,2
188-05-8202,jcb,1
188-05-8202,visa,1
188-34-4182,diners-club-enroute,1
188-34-4182,jcb,2
188-41-3821,mastercard,2
188-53-4019,americanexpress,1
188-53-4019,mastercard,1
189-39-4254,diners-club-enroute,1
189-39-4254,instapayment,1
191-05-1376,bankcard,1
191-05-1376,jcb,1
193-78-7505,americanexpress,1
193-78-7505,jcb,1
193-78-7505,mastercard,1
195-21-8010,jcb,2
196-14-8188,laser,1
196-14-8188,switch,1
196-15-1225,jcb,1
196-15-1225,mastercard,1
197-39-8086,china-unionpay,1
197-39-8086,diners-club-carte-blanche,1
198-71-2261,china-unionpay,1
198-71-2261,mastercard,1
198-98-8991,jcb,1
198-98-8991,maestro,1
201-35-4974,americanexpress,1
201-35-4974,jcb,1
201-54-3599,bankcard,2
203-03-9521,diners-club-carte-blanche,1
203-03-9521,diners-club-enroute,1
203-03-9521,visa-electron,1
203-50-9348,bankcard,1
203-50-9348,jcb,1
203-50-9348,switch,1
203-50-9348,visa-electron,1
203-55-8778,bankcard,1
203-55-8778,jcb,1
204-93-9865,jcb,2
205-06-0052,china-unionpay,1
205-06-0052,solo,1
205-50-9753,americanexpress,1
205-50-9753,diners-club-carte-blanche,1
205-85-3807,diners-club-enroute,1
205-85-3807,jcb,1
206-49-9677,diners-club-carte-blanche,1
206-49-9677,jcb,1
206-49-9677,mastercard,1
206-60-2520,jcb,2
206-60-2520,switch,1
207-28-2785,diners-club-carte-blanche,1
207-28-2785,mastercard,1
208-17-5533,diners-club-carte-blanche,1
208-17-5533,maestro,1
208-95-6535,bankcard,1
208-95-6535,mastercard,1
209-50-3367,mastercard,1
209-50-3367,visa,1
210-29-4426,china-unionpay,1
210-29-4426,switch,1
210-39-6758,jcb,3
210-99-9077,bankcard,1
210-99-9077,jcb,1
211-42-6468,laser,1
211-42-6468,mastercard,1
213-44-9276,jcb,2
214-23-6110,jcb,2
214-27-8582,jcb,2
214-60-9715,china-unionpay,2
214-63-8147,jcb,2
215-46-5305,diners-club-enroute,1
215-46-5305,visa-electron,1
216-38-2761,americanexpress,1
216-38-2761,diners-club-enroute,1
216-38-2761,jcb,1
217-45-1462,jcb,2
218-63-6900,jcb,2
218-68-8531,diners-club-international,1
218-68-8531,maestro,2
219-43-9894,jcb,2
219-93-2357,diners-club-carte-blanche,1
219-93-2357,laser,1
219-93-2357,maestro,1
220-04-2930,diners-club-carte-blanche,1
220-04-2930,jcb,1
220-94-7394,jcb,1
220-94-7394,switch,1
221-46-3569,diners-club-us-ca,1
221-46-3569,jcb,2
222-57-5926,bankcard,1
222-57-5926,visa,1
223-15-0068,jcb,1
223-15-0068,mastercard,1
223-31-7942,jcb,1
223-31-7942,maestro,1
223-44-3801,china-unionpay,1
223-44-3801,diners-club-us-ca,1
224-43-7529,diners-club-enroute,1
224-43-7529,mastercard,1
224-62-6918,americanexpress,1
224-62-6918,china-unionpay,1
224-62-6918,maestro,1
224-62-6918,mastercard,1
224-81-3655,diners-club-international,1
224-81-3655,mastercard,1
225-26-0025,jcb,1
225-26-0025,laser,1
225-54-7436,jcb,1
225-54-7436,maestro,1
225-75-9286,diners-club-international,1
225-75-9286,visa,1
227-34-9436,jcb,2
227-34-9436,maestro,1
227-34-9436,visa,1
227-36-2023,jcb,2
227-58-2279,americanexpress,1
227-58-2279,jcb,1
227-58-2279,maestro,1
227-90-4320,jcb,2
227-90-4320,switch,1
228-02-4615,china-unionpay,1
228-02-4615,diners-club-enroute,1
228-02-4615,instapayment,1
228-55-5606,diners-club-enroute,1
228-55-5606,mastercard,1
228-63-8130,maestro,1
228-63-8130,switch,1
229-23-4984,diners-club-carte-blanche,1
229-23-4984,jcb,1
229-23-4984,mastercard,1
229-95-2558,americanexpress,1
229-95-2558,mastercard,1
230-10-4559,jcb,2
231-63-1687,jcb,1
231-63-1687,mastercard,1
233-18-9261,china-unionpay,1
233-18-9261,jcb,1
233-80-3904,jcb,1
233-80-3904,maestro,1
234-43-6763,jcb,1
234-43-6763,visa-electron,1
234-98-7617,diners-club-carte-blanche,1
234-98-7617,instapayment,1
235-62-8440,maestro,1
235-62-8440,mastercard,1
235-96-6205,jcb,1
235-96-6205,visa-electron,1
236-68-9360,diners-club-enroute,1
236-68-9360,jcb,1
237-09-0949,jcb,1
237-09-0949,maestro,1
237-09-0949,visa-electron,1
238-14-3966,china-unionpay,1
238-14-3966,visa,1
238-18-0222,jcb,1
238-18-0222,mastercard,1
239-51-5534,americanexpress,1
239-51-5534,maestro,1
241-36-7739,bankcard,1
241-36-7739,diners-club-carte-blanche,1
241-39-0383,jcb,2
242-50-4531,jcb,1
242-50-4531,visa-electron,1
242-74-3734,jcb,1
242-74-3734,switch,1
243-29-3379,jcb,1
243-29-3379,switch,1
244-92-3808,jcb,2
246-61-5502,mastercard,1
246-61-5502,solo,1
247-24-9589,bankcard,1
247-24-9589,diners-club-carte-blanche,1
248-61-2615,jcb,2
248-82-2198,jcb,1
248-82-2198,laser,1
248-98-7102,diners-club-enroute,1
248-98-7102,jcb,1
249-92-4924,mastercard,1
249-92-4924,solo,1
249-92-4924,visa-electron,1
250-51-7537,jcb,1
250-51-7537,switch,1
251-07-8595,visa,1
251-07-8595,visa-electron,1
252-07-3400,americanexpress,1
252-07-3400,jcb,1
252-13-3921,diners-club-carte-blanche,1
252-13-3921,jcb,1
254-21-0222,diners-club-international,1
254-21-0222,jcb,2
254-21-0222,switch,1
254-64-4830,americanexpress,1
254-64-4830,jcb,1
255-36-3574,jcb,2
255-84-4645,jcb,1
255-84-4645,switch,1
255-89-8289,jcb,1
255-89-8289,mastercard,1
256-84-5901,jcb,1
256-84-5901,maestro,1
256-95-7385,jcb,1
256-95-7385,maestro,1
256-95-7385,solo,1
257-09-8495,diners-club-enroute,1
257-09-8495,jcb,2
257-43-7419,jcb,2
257-73-4528,china-unionpay,1
257-73-4528,laser,1
258-02-1049,jcb,1
258-02-1049,maestro,2
258-02-1049,switch,1
259-03-4483,china-unionpay,1
259-03-4483,jcb,1
259-55-2434,jcb,1
259-55-2434,mastercard,1
260-01-3842,bankcard,1
260-01-3842,maestro,1
261-81-1858,bankcard,1
261-81-1858,jcb,1
262-02-0405,jcb,1
262-02-0405,mastercard,1
262-02-0405,visa-electron,1
262-47-7588,jcb,1
262-47-7588,mastercard,1
262-86-4376,diners-club-enroute,1
262-86-4376,maestro,1
264-01-6383,jcb,2
264-37-1812,jcb,1
264-37-1812,mastercard,1
264-37-1812,switch,1
264-76-9262,jcb,2
264-78-1824,diners-club-international,1
264-78-1824,laser,1
265-99-4505,jcb,1
265-99-4505,mastercard,1
266-09-9190,jcb,1
266-09-9190,switch,1
266-28-9958,jcb,1
266-28-9958,mastercard,1
267-16-7255,americanexpress,1
267-16-7255,diners-club-enroute,1
267-52-2301,bankcard,1
267-52-2301,diners-club-carte-blanche,1
267-80-0206,jcb,1
267-80-0206,mastercard,1
267-92-3472,americanexpress,1
267-92-3472,diners-club-enroute,1
267-92-3472,jcb,2
268-93-6777,diners-club-carte-blanche,1
268-93-6777,mastercard,1
269-10-9231,laser,1
269-10-9231,mastercard,1
269-11-4062,jcb,1
269-11-4062,switch,1
269-11-4062,visa-electron,1
270-23-9944,diners-club-enroute,1
270-23-9944,jcb,2
270-44-9597,diners-club-us-ca,1
270-44-9597,maestro,1
270-65-4332,china-unionpay,1
270-65-4332,mastercard,1
271-10-5866,americanexpress,1
271-10-5866,maestro,1
271-85-9755,jcb,2
271-85-9755,mastercard,1
271-87-0329,jcb,2
272-57-2357,jcb,1
272-57-2357,switch,1
273-07-7161,jcb,2
273-24-3423,diners-club-enroute,1
273-24-3423,laser,1
273-79-5654,jcb,2
274-38-1963,jcb,2
274-38-1963,laser,1
274-60-4742,diners-club-enroute,1
274-60-4742,jcb,1
275-12-5263,china-unionpay,1
275-12-5263,jcb,2
275-67-6846,diners-club-carte-blanche,1
275-67-6846,diners-club-enroute,1
275-67-6846,visa,1
277-14-1471,china-unionpay,1
277-14-1471,jcb,1
277-14-1471,switch,1
278-01-7734,solo,1
278-01-7734,visa-electron,1
278-10-4290,bankcard,1
278-10-4290,china-unionpay,1
278-10-4290,jcb,2
278-11-5524,jcb,1
278-11-5524,maestro,1
278-68-0297,bankcard,1
278-68-0297,jcb,1
279-32-3651,americanexpress,1
279-32-3651,jcb,1
280-07-7998,china-unionpay,1
280-07-7998,jcb,1
281-74-0770,diners-club-enroute,1
281-74-0770,mastercard,1
281-90-6815,jcb,1
281-90-6815,mastercard,2
281-92-8760,jcb,1
281-92-8760,laser,1
281-92-8760,switch,1
282-17-8238,switch,1
282-17-8238,visa,1
283-13-6146,jcb,1
283-13-6146,switch,2
283-58-9135,instapayment,1
283-58-9135,jcb,1
283-94-6126,jcb,1
283-94-6126,visa-electron,1
284-28-2775,bankcard,1
284-28-2775,china-unionpay,1
284-46-2446,americanexpress,1
284-46-2446,jcb,1
284-66-7959,jcb,1
284-66-7959,switch,1
284-78-8202,americanexpress,1
284-78-8202,jcb,2
284-78-8202,switch,1
284-91-8655,jcb,2
285-07-4158,bankcard,1
285-07-4158,diners-club-enroute,1
285-70-2093,americanexpress,1
285-70-2093,diners-club-carte-blanche,1
285-70-2093,maestro,1
285-70-2093,switch,1
286-46-6669,maestro,1
286-46-6669,visa-electron,1
286-65-1247,bankcard,1
286-65-1247,jcb,1
286-93-6635,jcb,2
286-93-6635,visa-electron,1
287-19-4894,maestro,1
287-19-4894,mastercard,1
288-07-4075,jcb,1
288-07-4075,laser,1
288-34-2395,jcb,3
288-85-6923,switch,1
288-85-6923,visa,1
288-98-7108,china-unionpay,1
288-98-7108,switch,1
289-38-8390,jcb,1
289-38-8390,visa-electron,1
290-58-3064,jcb,2
290-58-3064,solo,1
292-40-3976,mastercard,3
293-22-3608,diners-club-carte-blanche,1
293-22-3608,mastercard,1
294-25-6619,bankcard,1
294-25-6619,jcb,1
294-25-6619,visa-electron,1
294-48-7876,diners-club-us-ca,1
294-48-7876,jcb,1
294-62-9102,americanexpress,1
294-62-9102,bankcard,1
294-90-5937,americanexpress,1
294-90-5937,laser,1
296-38-4827,jcb,2
297-99-3743,diners-club-carte-blanche,1
297-99-3743,jcb,1
297-99-3743,maestro,1
299-94-2257,switch,1
299-94-2257,visa,1
300-72-3854,instapayment,1
300-72-3854,jcb,1
300-96-2032,jcb,2
300-97-7985,diners-club-international,1
300-97-7985,maestro,1
301-37-4455,jcb,2
301-94-0455,americanexpress,1
301-94-0455,jcb,1
302-54-0328,jcb,2
302-54-0328,switch,1
302-79-6947,diners-club-carte-blanche,1
302-79-6947,jcb,1
302-79-6947,switch,1
303-02-4432,china-unionpay,1
303-02-4432,jcb,1
303-29-4320,jcb,2
303-58-9838,jcb,2
304-63-0624,jcb,2
304-88-8903,jcb,1
304-88-8903,switch,1
305-77-5908,diners-club-carte-blanche,1
305-77-5908,maestro,1
305-77-5908,mastercard,1
305-82-1181,diners-club-us-ca,1
305-82-1181,jcb,1
306-53-3999,diners-club-carte-blanche,1
306-53-3999,maestro,1
307-83-5141,diners-club-carte-blanche,1
307-83-5141,jcb,1
307-83-5141,solo,1
308-21-9174,diners-club-enroute,1
308-21-9174,jcb,2
308-49-8963,jcb,2
308-56-5739,americanexpress,1
308-56-5739,diners-club-enroute,1
308-56-5739,mastercard,1
308-56-5739,visa-electron,1
308-86-0741,jcb,2
309-44-6492,jcb,2
309-60-6750,jcb,2
310-98-9288,diners-club-us-ca,1
310-98-9288,switch,1
311-01-5259,china-unionpay,1
311-01-5259,jcb,1
311-64-0678,jcb,1
311-64-0678,visa,1
312-12-8574,diners-club-us-ca,1
312-12-8574,jcb,1
312-92-9081,americanexpress,1
312-92-9081,visa-electron,1
313-30-0130,diners-club-carte-blanche,1
313-30-0130,jcb,2
313-30-0130,solo,1
313-54-3067,jcb,2
313-82-0127,jcb,2
314-74-7504,diners-club-enroute,1
314-74-7504,jcb,1
314-74-7504,maestro,1
314-78-6792,americanexpress,1
314-78-6792,jcb,2
315-47-5414,jcb,2
315-86-6415,jcb,1
315-86-6415,mastercard,1
316-41-1961,china-unionpay,1
316-41-1961,maestro,1
317-48-7374,americanexpress,1
317-48-7374,jcb,1
317-72-4850,jcb,2
317-72-4850,solo,1
318-07-9478,jcb,1
318-07-9478,laser,1
318-79-6353,jcb,2
318-91-9282,diners-club-us-ca,1
318-91-9282,jcb,1
319-16-5656,diners-club-enroute,1
319-16-5656,jcb,1
319-41-6569,bankcard,1
319-41-6569,instapayment,1
319-41-6569,jcb,1
319-58-2827,diners-club-enroute,1
319-58-2827,jcb,1
319-58-2827,maestro,1
319-59-5367,diners-club-carte-blanche,1
319-59-5367,jcb,1
321-03-0398,americanexpress,1
321-03-0398,jcb,1
321-03-0398,mastercard,1
321-51-8557,jcb,1
321-51-8557,maestro,1
321-92-8764,bankcard,1
321-92-8764,jcb,1
321-92-8764,mastercard,1
322-77-1816,jcb,2
323-84-2652,maestro,1
323-84-2652,visa,1
323-89-3407,jcb,2
323-89-3407,mastercard,1
324-96-2021,bankcard,1
324-96-2021,jcb,1
324-99-8986,americanexpress,1
324-99-8986,instapayment,1
327-28-3483,jcb,2
327-64-6558,diners-club-enroute,1
327-64-6558,jcb,1
327-65-3917,switch,1
327-65-3917,visa-electron,1
330-19-9048,diners-club-us-ca,1
330-19-9048,laser,1
330-19-9048,switch,1
330-28-6115,mastercard,1
330-28-6115,visa-electron,1
330-41-1669,jcb,2
330-50-7233,jcb,2
330-66-5115,americanexpress,1
330-66-5115,maestro,1
331-06-2443,jcb,2
331-15-5784,bankcard,1
331-15-5784,diners-club-enroute,1
332-36-3186,jcb,2
332-36-3186,maestro,1
332-36-3186,mastercard,1
332-65-5025,americanexpress,1
332-65-5025,jcb,1
333-17-4247,jcb,2
333-17-4247,mastercard,1
333-35-4936,bankcard,1
333-35-4936,diners-club-us-ca,1
333-43-8426,jcb,1
333-43-8426,maestro,1
333-43-8426,visa,1
333-61-1189,china-unionpay,1
333-61-1189,solo,1
334-21-6210,china-unionpay,1
334-21-6210,diners-club-enroute,1
334-89-3174,jcb,1
334-89-3174,switch,1
334-94-7040,instapayment,1
334-94-7040,jcb,1
336-45-5543,jcb,1
336-45-5543,visa-electron,1
336-84-8535,jcb,1
336-84-8535,mastercard,1
336-84-8535,switch,1
337-79-0925,diners-club-enroute,1
337-79-0925,jcb,2
339-77-7971,jcb,1
339-77-7971,mastercard,1
340-89-8108,jcb,2
341-14-8801,jcb,2
341-14-8801,visa,1
341-37-0536,jcb,2
341-70-8053,bankcard,1
341-70-8053,maestro,1
342-16-7081,instapayment,1
342-16-7081,mastercard,1
342-94-4674,jcb,2
342-96-1858,americanexpress,1
342-96-1858,diners-club-carte-blanche,1
342-96-1858,jcb,1
343-28-5333,diners-club-carte-blanche,1
343-28-5333,diners-club-international,1
344-42-0106,laser,1
344-42-0106,mastercard,1
344-42-0106,solo,1
345-33-9157,jcb,2
345-33-9157,maestro,1
346-30-0419,diners-club-enroute,1
346-30-0419,jcb,1
346-30-0419,laser,1
346-71-2626,jcb,2
346-71-2626,maestro,1
347-81-1038,china-unionpay,1
347-81-1038,instapayment,1
349-13-9658,china-unionpay,1
349-13-9658,jcb,1
350-56-3187,americanexpress,1
350-56-3187,jcb,1
350-56-3187,visa,1
351-02-1126,jcb,1
351-02-1126,switch,1
353-19-7489,bankcard,1
353-19-7489,jcb,1
354-03-2958,americanexpress,1
354-03-2958,jcb,1
354-16-8525,jcb,1
354-16-8525,visa,1
354-18-5904,china-unionpay,1
354-18-5904,maestro,1
355-07-5854,jcb,1
355-07-5854,visa-electron,1
356-02-1143,jcb,1
356-02-1143,visa-electron,1
356-48-1439,diners-club-enroute,1
356-48-1439,jcb,1
356-74-3587,jcb,3
356-78-0144,jcb,2
356-82-7799,americanexpress,1
356-82-7799,diners-club-international,1
356-82-7799,switch,1
357-73-1634,diners-club-enroute,1
357-73-1634,jcb,1
357-73-1634,visa-electron,1
358-15-5655,jcb,1
358-15-5655,maestro,1
358-15-5655,mastercard,1
358-48-3574,instapayment,1
358-48-3574,mastercard,1
358-82-2548,jcb,2
358-97-9300,americanexpress,1
358-97-9300,switch,1
359-08-7819,mastercard,2
360-54-3322,americanexpress,1
360-54-3322,jcb,1
360-90-9356,jcb,2
361-47-1279,diners-club-carte-blanche,1
361-47-1279,jcb,1
361-65-7440,jcb,2
361-70-7580,jcb,2
361-70-7580,mastercard,1
363-94-7898,china-unionpay,1
363-94-7898,diners-club-enroute,1
365-16-9891,diners-club-enroute,1
365-16-9891,jcb,1
365-16-9891,visa-electron,1
365-22-6947,jcb,1
365-22-6947,mastercard,1
366-29-8454,bankcard,1
366-29-8454,mastercard,2
366-63-4794,jcb,2
366-97-0623,bankcard,1
366-97-0623,jcb,1
366-97-0623,visa,1
367-07-6490,diners-club-carte-blanche,1
367-07-6490,jcb,2
368-56-2602,bankcard,1
368-56-2602,jcb,1
368-56-2602,laser,1
369-09-2040,china-unionpay,1
369-09-2040,jcb,2
369-22-2738,americanexpress,1
369-22-2738,jcb,1
369-22-2738,visa,1
369-58-8093,bankcard,1
369-58-8093,jcb,1
370-05-9145,instapayment,1
370-05-9145,jcb,1
370-05-9145,mastercard,1
370-09-7054,china-unionpay,1
370-09-7054,jcb,1
370-09-7054,switch,1
371-56-1423,jcb,2
372-14-6168,jcb,3
372-48-8899,china-unionpay,1
372-48-8899,jcb,1
373-68-9535,diners-club-enroute,1
373-68-9535,mastercard,1
374-13-2895,jcb,2
374-25-9731,jcb,1
374-25-9731,mastercard,1
375-91-2629,jcb,1
375-91-2629,switch,1
375-93-3225,diners-club-enroute,1
375-93-3225,diners-club-us-ca,1
375-93-3225,jcb,1
376-33-0923,jcb,1
376-33-0923,maestro,1
376-33-0923,solo,1
376-90-0270,americanexpress,1
376-90-0270,bankcard,1
376-90-0270,laser,1
377-01-2603,jcb,1
377-01-2603,maestro,1
378-66-4744,jcb,1
378-66-4744,mastercard,1
379-76-6548,maestro,2
381-20-5554,jcb,2
381-26-8128,mastercard,1
381-26-8128,visa,1
381-58-4369,maestro,1
381-58-4369,visa-electron,1
381-69-2442,jcb,2
382-08-8905,jcb,1
382-08-8905,switch,1
382-20-7851,jcb,1
382-20-7851,visa-electron,1
382-41-9161,instapayment,1
382-41-9161,maestro,1
382-48-7184,bankcard,1
382-48-7184,diners-club-us-ca,1
382-48-7184,mastercard,1
383-12-8771,bankcard,1
383-12-8771,jcb,1
383-12-8771,mastercard,1
383-33-6672,bankcard,1
383-33-6672,switch,1
383-82-5166,jcb,1
383-82-5166,switch,1
384-36-5907,jcb,1
384-36-5907,visa-electron,1
384-57-0674,americanexpress,1
384-57-0674,jcb,1
385-21-9219,americanexpress,1
385-21-9219,jcb,1
385-66-6432,diners-club-enroute,1
385-66-6432,switch,1
385-94-4362,jcb,1
385-94-4362,laser,2
386-49-8734,mastercard,1
386-49-8734,visa-electron,1
387-95-1615,jcb,1
387-95-1615,visa-electron,1
388-23-7257,jcb,1
388-23-7257,maestro,1
389-36-4337,americanexpress,1
389-36-4337,jcb,1
389-36-4337,laser,1
389-80-0379,jcb,1
389-80-0379,mastercard,1
389-99-0824,jcb,2
390-26-1589,bankcard,1
390-26-1589,jcb,1
390-36-2641,jcb,2
391-15-5981,jcb,2
391-41-0495,laser,1
391-41-0495,visa-electron,1
392-45-9136,diners-club-carte-blanche,1
392-45-9136,jcb,2
392-45-9136,mastercard,1
393-21-3723,jcb,1
393-21-3723,mastercard,1
393-21-3723,switch,1
394-12-3736,maestro,1
394-12-3736,visa,1
394-83-7255,jcb,1
394-83-7255,mastercard,1
395-41-1022,americanexpress,1
395-41-1022,jcb,2
395-78-2193,bankcard,1
395-78-2193,jcb,1
396-45-6947,jcb,2
396-45-6947,laser,1
396-46-7956,instapayment,1
396-46-7956,switch,1
397-97-9302,americanexpress,1
397-97-9302,jcb,1
398-21-3007,china-unionpay,1
398-21-3007,jcb,1
398-95-6560,jcb,2
399-40-6115,diners-club-us-ca,1
399-40-6115,jcb,1
399-46-7687,bankcard,1
399-46-7687,jcb,1
400-82-0858,jcb,1
400-82-0858,maestro,1
401-39-1124,diners-club-enroute,1
401-39-1124,mastercard,1
401-45-1612,diners-club-us-ca,1
401-45-1612,jcb,1
401-89-0540,jcb,2
401-89-0540,visa-electron,1
402-52-0800,jcb,1
402-52-0800,visa,1
402-93-9739,diners-club-carte-blanche,1
402-93-9739,visa-electron,1
403-73-7453,china-unionpay,1
403-73-7453,jcb,1
404-22-2079,jcb,1
404-22-2079,switch,1
404-83-5724,diners-club-enroute,1
404-83-5724,jcb,2
404-92-6880,diners-club-carte-blanche,1
404-92-6880,switch,1
404-96-7354,jcb,2
406-12-7365,jcb,1
406-12-7365,laser,1
406-12-7365,mastercard,1
406-20-5256,china-unionpay,1
406-20-5256,jcb,1
406-29-6226,americanexpress,1
406-29-6226,instapayment,1
406-31-7137,maestro,2
406-56-6431,americanexpress,1
406-56-6431,visa-electron,1
406-83-2447,jcb,1
406-83-2447,mastercard,1
407-96-5985,jcb,1
407-96-5985,maestro,1
408-42-1394,jcb,3
408-79-4072,jcb,2
409-14-4609,diners-club-carte-blanche,1
409-14-4609,mastercard,1
409-14-4609,visa,1
409-88-9549,switch,1
409-88-9549,visa-electron,1
409-99-3791,china-unionpay,1
409-99-3791,instapayment,1
410-01-9458,bankcard,1
410-01-9458,jcb,1
411-59-0473,china-unionpay,1
411-59-0473,jcb,1
411-65-1383,instapayment,1
411-65-1383,solo,1
413-35-1339,china-unionpay,1
413-35-1339,visa-electron,1
413-54-4659,jcb,2
413-87-3471,diners-club-enroute,1
413-87-3471,jcb,1
414-24-9092,china-unionpay,1
414-24-9092,jcb,1
414-58-3066,jcb,2
414-58-3066,maestro,1
418-56-1306,jcb,1
418-56-1306,switch,1
419-04-7934,china-unionpay,1
419-04-7934,jcb,1
419-55-1909,jcb,1
419-55-1909,maestro,1
419-66-9480,laser,1
419-66-9480,maestro,1
421-06-3209,diners-club-carte-blanche,1
421-06-3209,visa-electron,1
421-08-0682,jcb,2
421-24-4535,americanexpress,1
421-24-4535,jcb,1
421-79-3445,americanexpress,1
421-79-3445,jcb,1
422-94-1705,jcb,1
422-94-1705,visa-electron,1
422-99-5980,americanexpress,1
422-99-5980,maestro,1
423-34-8209,jcb,2
424-48-3335,diners-club-enroute,1
424-48-3335,laser,1
424-48-3335,switch,1
424-85-9260,china-unionpay,1
424-85-9260,diners-club-carte-blanche,1
424-85-9260,visa-electron,1
425-56-8051,jcb,2
425-59-9626,jcb,1
425-59-9626,maestro,1
425-59-9626,mastercard,1
426-10-4048,americanexpress,1
426-10-4048,visa-electron,1
426-39-3570,diners-club-carte-blanche,1
426-39-3570,switch,2
426-49-5509,jcb,2
426-49-5509,laser,1
426-74-1060,china-unionpay,1
426-74-1060,jcb,1
426-74-1060,mastercard,1
429-03-3471,jcb,1
429-03-3471,maestro,1
431-08-1100,americanexpress,1
431-08-1100,instapayment,1
431-08-1100,maestro,1
431-78-4465,bankcard,1
431-78-4465,diners-club-carte-blanche,1
432-74-6472,diners-club-carte-blanche,1
432-74-6472,maestro,1
434-22-4942,jcb,1
434-22-4942,visa,1
435-98-4762,switch,1
435-98-4762,visa-electron,1
436-10-7663,china-unionpay,1
436-10-7663,jcb,1
436-10-7663,maestro,1
436-10-7663,mastercard,1
436-19-1777,jcb,1
436-19-1777,visa-electron,1
437-35-5301,jcb,2
439-48-2274,americanexpress,1
439-48-2274,switch,1
440-58-8923,americanexpress,1
440-58-8923,jcb,1
441-43-4093,maestro,1
441-43-4093,mastercard,1
442-55-3102,jcb,2
442-55-3102,visa-electron,1
443-10-7496,americanexpress,1
443-10-7496,jcb,1
443-34-3528,visa,1
443-34-3528,visa-electron,1
444-94-8672,jcb,3
445-40-5161,jcb,2
445-67-7615,instapayment,1
445-67-7615,jcb,1
445-67-7615,switch,1
446-66-3945,jcb,2
446-66-3945,visa-electron,1
446-74-8852,jcb,1
446-74-8852,mastercard,1
446-95-6287,jcb,2
447-04-8565,diners-club-enroute,1
447-04-8565,jcb,1
447-20-7649,china-unionpay,1
447-20-7649,jcb,1
447-58-7621,americanexpress,2
448-55-6240,jcb,1
448-55-6240,visa-electron,1
450-72-3777,jcb,1
450-72-3777,mastercard,1
452-73-5270,jcb,2
453-41-3824,maestro,1
453-41-3824,mastercard,1
453-69-9461,jcb,1
453-69-9461,switch,1
455-35-6534,jcb,1
455-35-6534,switch,1
456-81-2104,china-unionpay,1
456-81-2104,jcb,1
456-81-3655,diners-club-enroute,1
456-81-3655,jcb,1
456-81-3655,mastercard,1
456-85-4771,jcb,2
456-85-4771,solo,1
457-12-3742,diners-club-enroute,1
457-12-3742,jcb,1
457-13-9092,china-unionpay,1
457-13-9092,jcb,1
457-43-4671,diners-club-carte-blanche,1
457-43-4671,visa,1
457-82-4837,bankcard,1
457-82-4837,jcb,1
458-52-0112,jcb,1
458-52-0112,mastercard,1
458-99-6770,bankcard,1
458-99-6770,instapayment,1
459-42-2216,china-unionpay,1
459-42-2216,jcb,1
459-84-9641,americanexpress,1
459-84-9641,jcb,1
460-69-3190,maestro,1
460-69-3190,visa-electron,1
461-81-4178,americanexpress,1
461-81-4178,jcb,2
462-35-1316,jcb,4
462-41-5384,jcb,1
462-41-5384,switch,1
463-18-2501,jcb,2
463-18-2501,maestro,1
466-42-6472,jcb,1
466-42-6472,solo,1
466-50-3124,diners-club-carte-blanche,1
466-50-3124,jcb,1
466-97-9195,diners-club-us-ca,1
466-97-9195,jcb,1
466-97-9195,visa-electron,1
467-20-8945,bankcard,1
467-20-8945,china-unionpay,1
467-20-8945,maestro,1
468-60-2889,diners-club-carte-blanche,1
468-60-2889,jcb,1
468-60-2889,switch,1
468-85-0943,jcb,2
469-50-6043,jcb,2
470-99-4389,jcb,1
470-99-4389,switch,1
471-76-8326,diners-club-carte-blanche,1
471-76-8326,mastercard,1
472-84-1425,china-unionpay,1
472-84-1425,jcb,1
473-01-5965,jcb,1
473-01-5965,visa,1
473-26-3839,diners-club-carte-blanche,1
473-26-3839,jcb,1
475-54-7864,diners-club-enroute,1
475-54-7864,visa-electron,1
475-99-2221,jcb,1
475-99-2221,switch,1
476-80-3305,maestro,1
476-80-3305,mastercard,1
477-10-3650,diners-club-enroute,1
477-10-3650,jcb,1
477-10-3650,switch,1
477-63-4008,diners-club-enroute,1
477-63-4008,jcb,1
478-22-5028,china-unionpay,1
478-22-5028,jcb,1
478-22-5028,maestro,1
478-24-8248,jcb,1
478-24-8248,mastercard,1
478-43-2378,mastercard,1
478-43-2378,switch,1
478-49-7513,diners-club-carte-blanche,1
478-49-7513,jcb,1
478-75-2109,jcb,1
478-75-2109,solo,1
478-91-3076,china-unionpay,1
478-91-3076,mastercard,1
481-22-0590,mastercard,1
481-22-0590,visa-electron,1
481-99-3410,instapayment,1
481-99-3410,jcb,1
481-99-3410,solo,1
481-99-3410,visa-electron,1
482-14-6308,bankcard,1
482-14-6308,jcb,2
483-50-9092,bankcard,1
483-50-9092,diners-club-carte-blanche,1
483-50-9092,mastercard,1
484-35-3406,jcb,2
485-60-4921,jcb,2
489-45-8794,bankcard,1
489-45-8794,china-unionpay,1
489-45-8794,jcb,1
490-09-8630,laser,1
490-09-8630,mastercard,1
490-15-5725,jcb,2
490-75-7767,instapayment,1
490-75-7767,switch,1
491-17-5402,bankcard,1
491-17-5402,jcb,1
492-50-0435,americanexpress,1
492-50-0435,mastercard,1
492-61-7554,china-unionpay,1
492-61-7554,jcb,1
493-64-4869,laser,1
493-64-4869,mastercard,1
494-06-1200,diners-club-enroute,1
494-06-1200,jcb,1
494-06-1200,switch,1
494-40-2282,jcb,1
494-40-2282,switch,1
494-59-8810,diners-club-carte-blanche,1
494-59-8810,jcb,1
494-86-1670,jcb,3
495-07-1121,diners-club-carte-blanche,1
495-07-1121,solo,1
495-07-1121,visa-electron,1
495-57-3890,jcb,1
495-57-3890,visa-electron,1
496-80-0397,diners-club-carte-blanche,1
496-80-0397,diners-club-enroute,1
497-03-9177,jcb,1
497-03-9177,mastercard,1
497-57-2071,jcb,3
497-85-0108,jcb,1
497-85-0108,switch,1
497-98-9518,bankcard,1
497-98-9518,jcb,1
498-22-2688,bankcard,1
498-22-2688,jcb,1
498-58-5841,bankcard,1
498-58-5841,jcb,1
498-60-0305,jcb,2
498-76-9634,diners-club-international,1
498-76-9634,mastercard,1
499-73-7936,jcb,2
499-73-7936,visa,1
503-07-6727,china-unionpay,1
503-07-6727,diners-club-enroute,1
506-54-1101,solo,1
506-54-1101,switch,1
508-12-4770,jcb,1
508-12-4770,visa-electron,1
508-70-7530,diners-club-enroute,1
508-70-7530,jcb,1
508-72-1839,diners-club-carte-blanche,1
508-72-1839,mastercard,1
508-72-1839,visa,1
508-89-9650,china-unionpay,1
508-89-9650,jcb,2
509-04-1448,jcb,1
509-04-1448,laser,1
509-04-1448,mastercard,1
509-55-8355,diners-club-carte-blanche,1
509-55-8355,jcb,1
510-60-6003,diners-club-carte-blanche,1
510-60-6003,maestro,1
512-36-3397,instapayment,1
512-36-3397,jcb,1
512-79-6452,diners-club-enroute,1
512-79-6452,switch,1
512-91-8724,americanexpress,1
512-91-8724,diners-club-enroute,1
512-91-8724,jcb,1
513-15-4109,jcb,1
513-15-4109,visa-electron,1
513-27-5493,jcb,2
513-27-5493,visa-electron,1
516-66-4534,diners-club-enroute,1
516-66-4534,jcb,1
516-66-4534,laser,1
516-66-4534,mastercard,1
516-79-6909,jcb,2
516-85-3624,americanexpress,1
516-85-3624,jcb,2
517-01-0428,americanexpress,1
517-01-0428,jcb,1
517-55-6588,jcb,1
517-55-6588,solo,1
517-58-0134,bankcard,1
517-58-0134,jcb,1
518-71-8887,jcb,1
518-71-8887,mastercard,1
519-32-7389,diners-club-enroute,1
519-32-7389,switch,1
520-62-6737,china-unionpay,1
520-62-6737,jcb,1
521-11-9387,laser,1
521-11-9387,switch,1
522-14-6809,bankcard,1
522-14-6809,jcb,1
522-14-6809,visa-electron,1
522-60-8209,jcb,3
523-14-5080,americanexpress,1
523-14-5080,instapayment,1
523-39-2228,diners-club-carte-blanche,1
523-39-2228,jcb,1
523-43-3790,china-unionpay,1
523-43-3790,mastercard,1
523-55-9919,maestro,1
523-55-9919,mastercard,1
523-63-3412,jcb,2
523-63-3412,maestro,1
524-25-8511,china-unionpay,1
524-25-8511,diners-club-enroute,1
524-25-8511,jcb,1
524-32-3387,jcb,1
524-32-3387,maestro,1
524-90-4905,diners-club-enroute,1
524-90-4905,jcb,1
526-20-4870,diners-club-carte-blanche,1
526-20-4870,mastercard,1
526-20-4870,visa-electron,1
526-32-4393,diners-club-enroute,1
526-32-4393,jcb,1
526-50-4789,jcb,1
526-50-4789,maestro,1
526-50-4789,visa-electron,1
527-77-8337,diners-club-us-ca,1
527-77-8337,mastercard,1
527-99-5279,diners-club-enroute,1
527-99-5279,maestro,1
528-21-5746,bankcard,1
528-21-5746,mastercard,1
528-70-7888,diners-club-carte-blanche,1
528-70-7888,jcb,1
528-70-7888,maestro,1
529-31-5972,jcb,2
530-19-0999,jcb,1
530-19-0999,switch,1
530-74-1039,jcb,1
530-74-1039,mastercard,1
530-82-7970,diners-club-us-ca,1
530-82-7970,jcb,1
530-82-7970,visa,1
531-19-3242,bankcard,1
531-19-3242,mastercard,2
532-56-3395,americanexpress,1
532-56-3395,diners-club-carte-blanche,1
533-05-8712,jcb,1
533-05-8712,mastercard,1
533-48-9274,jcb,1
533-48-9274,mastercard,1
534-43-1517,diners-club-carte-blanche,1
534-43-1517,jcb,1
535-42-8216,jcb,2
536-19-7881,diners-club-us-ca,1
536-19-7881,jcb,1
536-70-8099,americanexpress,2
536-71-7650,bankcard,1
536-71-7650,jcb,1
537-21-9773,diners-club-us-ca,1
537-21-9773,jcb,1
537-36-4565,diners-club-enroute,1
537-36-4565,instapayment,1
539-44-4298,mastercard,2
540-44-5586,bankcard,1
540-44-5586,jcb,1
540-83-2687,diners-club-carte-blanche,1
540-83-2687,mastercard,1
541-41-0705,instapayment,1
541-41-0705,maestro,1
543-55-5623,bankcard,1
543-55-5623,jcb,1
543-55-5623,maestro,1
544-59-4732,americanexpress,1
544-59-4732,maestro,1
545-88-6949,diners-club-enroute,1
545-88-6949,jcb,1
546-80-9828,diners-club-enroute,1
546-80-9828,jcb,1
546-90-1770,jcb,3
547-18-2407,instapayment,1
547-18-2407,jcb,1
548-67-3241,americanexpress,1
548-67-3241,bankcard,1
548-67-3241,diners-club-international,1
548-67-3241,jcb,1
548-85-2658,bankcard,1
548-85-2658,mastercard,1
549-42-4413,jcb,3
549-42-4413,mastercard,1
549-59-9852,jcb,2
552-52-7186,china-unionpay,1
552-52-7186,jcb,1
552-78-4543,jcb,1
552-78-4543,laser,1
553-45-3792,jcb,2
553-82-3383,americanexpress,1
553-82-3383,solo,1
554-45-0934,bankcard,2
555-34-9548,diners-club-enroute,1
555-34-9548,diners-club-us-ca,1
555-34-9548,jcb,1
555-45-3163,americanexpress,1
555-45-3163,jcb,1
555-64-5921,jcb,3
555-82-5126,jcb,1
555-82-5126,mastercard,1
555-87-8921,diners-club-enroute,1
555-87-8921,instapayment,1
555-87-8921,mastercard,1
557-45-1648,jcb,1
557-45-1648,laser,1
557-67-2662,bankcard,1
557-67-2662,jcb,1
557-91-0986,diners-club-us-ca,1
557-91-0986,switch,1
558-19-0997,jcb,1
558-19-0997,switch,1
558-19-1791,bankcard,1
558-19-1791,mastercard,1
559-54-0581,bankcard,1
559-54-0581,diners-club-carte-blanche,1
559-54-0581,jcb,1
559-57-0328,jcb,1
559-57-0328,solo,1
560-03-7732,americanexpress,1
560-03-7732,diners-club-enroute,1
560-03-7732,instapayment,1
562-84-6955,laser,1
562-84-6955,maestro,1
563-37-5867,mastercard,1
563-37-5867,visa,1
563-49-2315,americanexpress,1
563-49-2315,laser,1
563-49-2315,solo,1
563-82-8043,jcb,2
563-98-6446,china-unionpay,1
563-98-6446,jcb,1
564-14-7723,jcb,1
564-14-7723,visa-electron,1
564-37-1494,jcb,1
564-37-1494,mastercard,1
564-37-1494,visa-electron,1
566-38-3882,jcb,1
566-38-3882,maestro,1
566-56-8569,jcb,2
566-60-4865,jcb,1
566-60-4865,laser,1
567-03-3350,diners-club-us-ca,1
567-03-3350,mastercard,1
567-83-7508,jcb,1
567-83-7508,mastercard,1
568-93-6971,maestro,1
568-93-6971,solo,1
569-15-8093,jcb,1
569-15-8093,mastercard,1
569-38-9227,instapayment,1
569-38-9227,jcb,1
569-38-9227,switch,1
569-71-8245,mastercard,1
569-71-8245,switch,1
570-17-4514,diners-club-carte-blanche,1
570-17-4514,visa-electron,1
570-28-6731,jcb,3
571-30-2010,diners-club-carte-blanche,1
571-30-2010,jcb,2
571-30-2010,mastercard,1
571-34-2715,americanexpress,1
571-34-2715,instapayment,1
572-71-0773,jcb,2
574-53-2032,instapayment,1
574-53-2032,jcb,1
574-89-6636,jcb,1
574-89-6636,mastercard,1
575-06-8886,jcb,1
575-06-8886,switch,1
575-19-1091,bankcard,1
575-19-1091,maestro,1
575-24-7636,diners-club-enroute,1
575-24-7636,maestro,1
577-82-5471,diners-club-us-ca,1
577-82-5471,jcb,1
577-83-3309,jcb,2
578-09-0960,china-unionpay,1
578-09-0960,jcb,1
579-74-6865,laser,1
579-74-6865,mastercard,1
579-90-0912,diners-club-carte-blanche,1
579-90-0912,jcb,1
580-30-1263,china-unionpay,1
580-30-1263,diners-club-carte-blanche,1
581-61-8012,jcb,2
581-86-1247,diners-club-enroute,1
581-86-1247,maestro,1
582-51-9033,jcb,1
582-51-9033,visa,1
582-53-4617,diners-club-enroute,1
582-53-4617,jcb,1
583-08-9901,bankcard,1
583-08-9901,jcb,2
584-29-5944,jcb,2
584-42-9341,instapayment,1
584-42-9341,switch,1
585-77-7818,jcb,1
585-77-7818,visa-electron,1
586-27-0245,maestro,2
587-11-5099,diners-club-enroute,1
587-11-5099,jcb,1
587-25-0123,diners-club-carte-blanche,1
587-25-0123,jcb,1
587-26-2140,diners-club-enroute,1
587-26-2140,jcb,2
587-38-9571,jcb,2
587-57-7863,mastercard,2
588-05-0697,jcb,1
588-05-0697,mastercard,1
588-76-9752,jcb,1
588-76-9752,mastercard,1
588-76-9752,visa-electron,1
589-89-1856,bankcard,1
589-89-1856,mastercard,1
590-18-3462,china-unionpay,1
590-18-3462,mastercard,1
590-61-0483,china-unionpay,1
590-61-0483,jcb,2
590-61-0483,switch,1
590-93-4856,jcb,1
590-93-4856,maestro,1
592-40-0006,americanexpress,1
592-40-0006,switch,1
592-80-8087,americanexpress,2
592-80-8087,jcb,1
592-81-1580,diners-club-carte-blanche,1
592-81-1580,jcb,1
593-40-9528,maestro,1
593-40-9528,switch,1
594-70-9789,jcb,1
594-70-9789,maestro,1
596-52-9293,instapayment,1
596-52-9293,visa,1
597-51-7288,americanexpress,1
597-51-7288,china-unionpay,1
598-79-6216,jcb,1
598-79-6216,switch,1
599-39-1444,jcb,2
599-39-1444,switch,1
601-89-9090,china-unionpay,1
601-89-9090,jcb,1
602-06-4219,jcb,1
602-06-4219,visa,1
602-96-8874,jcb,1
602-96-8874,visa,1
603-36-1668,jcb,1
603-36-1668,mastercard,1
603-56-6635,jcb,1
603-56-6635,mastercard,1
603-56-6635,visa-electron,1
603-74-3514,jcb,2
603-74-3514,mastercard,1
603-82-5601,jcb,1
603-82-5601,mastercard,1
603-82-5601,visa-electron,1
604-64-0750,maestro,2
604-64-0750,visa,1
605-31-4003,jcb,1
605-31-4003,mastercard,1
605-53-2866,jcb,1
605-53-2866,switch,1
605-70-7019,bankcard,1
605-70-7019,diners-club-carte-blanche,1
605-70-7019,jcb,2
606-85-7533,americanexpress,1
606-85-7533,jcb,1
606-88-4393,diners-club-carte-blanche,1
606-88-4393,jcb,1
606-90-4240,americanexpress,1
606-90-4240,mastercard,1
607-24-3856,jcb,2
607-77-8637,jcb,2
608-71-2352,bankcard,1
608-71-2352,china-unionpay,1
608-71-2352,jcb,1
608-71-2352,visa-electron,1
609-33-5429,china-unionpay,1
609-33-5429,maestro,1
609-33-5429,mastercard,1
610-95-9425,americanexpress,1
610-95-9425,china-unionpay,1
610-95-9425,maestro,1
611-59-5522,jcb,2
611-59-5522,mastercard,1
612-16-3016,jcb,2
612-81-6651,diners-club-carte-blanche,1
612-81-6651,jcb,1
613-01-2573,maestro,1
613-01-2573,solo,1
613-01-2573,visa-electron,1
613-48-0460,jcb,1
613-48-0460,visa-electron,1
613-76-0749,diners-club-carte-blanche,1
613-76-0749,diners-club-enroute,1
613-89-3154,jcb,2
614-16-9013,jcb,2
614-48-8714,jcb,1
614-48-8714,mastercard,1
614-59-3430,diners-club-enroute,1
614-59-3430,jcb,1
614-86-8234,bankcard,2
614-86-8234,jcb,1
615-85-0946,diners-club-carte-blanche,1
615-85-0946,maestro,1
616-18-0807,jcb,1
616-18-0807,laser,1
616-18-0807,switch,1
616-19-7734,jcb,2
616-19-7734,mastercard,1
616-31-3080,diners-club-carte-blanche,1
616-31-3080,maestro,1
616-31-3080,mastercard,1
616-31-3080,visa,1
617-47-2688,instapayment,1
617-47-2688,jcb,1
617-47-2688,visa-electron,1
618-85-6405,jcb,1
618-85-6405,switch,1
618-95-9587,americanexpress,1
618-95-9587,jcb,1
619-62-1257,jcb,2
619-74-6361,jcb,1
619-74-6361,maestro,1
619-74-6361,mastercard,1
620-03-2071,bankcard,1
620-03-2071,jcb,1
620-39-5807,maestro,1
620-39-5807,mastercard,1
620-63-1708,bankcard,1
620-63-1708,mastercard,1
620-63-1708,switch,1
622-66-1921,americanexpress,1
622-66-1921,maestro,1
623-42-0335,jcb,2
624-09-6955,diners-club-international,1
624-09-6955,instapayment,1
624-58-8432,bankcard,1
624-58-8432,mastercard,1
625-19-3841,mastercard,1
625-19-3841,solo,1
626-08-6971,bankcard,1
626-08-6971,jcb,1
626-69-9473,jcb,1
626-69-9473,visa-electron,1
627-12-4034,jcb,2
628-01-2886,china-unionpay,1
628-01-2886,diners-club-carte-blanche,1
628-70-2035,bankcard,1
628-70-2035,diners-club-carte-blanche,1
628-70-2035,jcb,1
628-95-3281,jcb,2
628-95-3281,switch,1
629-25-1805,jcb,1
629-25-1805,maestro,1
629-49-4281,jcb,1
629-49-4281,mastercard,1
629-97-1542,jcb,2
633-66-1233,jcb,1
633-66-1233,switch,1
634-34-9204,bankcard,1
634-34-9204,switch,1
634-86-5522,china-unionpay,1
634-86-5522,jcb,1
634-89-2284,jcb,1
634-89-2284,switch,1
635-61-1125,jcb,2
635-61-1125,maestro,1
635-79-2061,china-unionpay,1
635-79-2061,jcb,1
635-79-2061,laser,1
636-43-7551,jcb,1
636-43-7551,switch,1
636-43-9833,diners-club-carte-blanche,1
636-43-9833,jcb,1
637-36-7153,china-unionpay,1
637-36-7153,jcb,1
637-36-7153,visa,1
639-01-6612,jcb,1
639-01-6612,mastercard,1
639-43-4289,jcb,2
639-43-4289,visa-electron,1
640-01-3779,diners-club-enroute,1
640-01-3779,jcb,1
640-66-3177,bankcard,1
640-66-3177,jcb,2
641-03-2743,jcb,1
641-03-2743,maestro,1
641-03-2743,solo,1
642-30-5976,bankcard,1
642-30-5976,china-unionpay,1
642-33-1091,americanexpress,1
642-33-1091,jcb,1
642-33-1091,visa,1
642-81-4239,diners-club-enroute,1
642-81-4239,maestro,1
645-59-9929,americanexpress,1
645-59-9929,jcb,1
645-59-9929,mastercard,1
646-47-1882,diners-club-carte-blanche,1
646-47-1882,maestro,1
646-47-1882,mastercard,1
648-02-1181,jcb,2
648-02-1181,mastercard,1
648-58-1379,diners-club-carte-blanche,1
648-58-1379,jcb,1
648-70-8397,americanexpress,1
648-70-8397,diners-club-enroute,1
648-78-5968,americanexpress,1
648-78-5968,maestro,1
649-60-5127,bankcard,1
649-60-5127,jcb,1
649-63-6253,diners-club-enroute,1
649-63-6253,jcb,1
649-63-6253,mastercard,1
650-76-9280,china-unionpay,1
650-76-9280,jcb,2
650-76-9280,mastercard,1
650-85-1432,jcb,1
650-85-1432,mastercard,1
650-99-8269,jcb,2
650-99-8269,maestro,1
651-12-3601,bankcard,1
651-12-3601,diners-club-enroute,1
654-04-2684,jcb,2
655-36-9419,jcb,2
655-83-1781,americanexpress,1
655-83-1781,mastercard,1
657-14-3080,diners-club-carte-blanche,1
657-14-3080,switch,1
658-55-6595,maestro,1
658-55-6595,mastercard,1
658-64-2498,china-unionpay,1
658-64-2498,jcb,1
659-04-6343,bankcard,1
659-04-6343,jcb,2
659-40-3882,jcb,2
660-51-4889,jcb,2
660-98-5135,diners-club-enroute,1
660-98-5135,jcb,1
661-15-3953,jcb,1
661-15-3953,laser,1
661-97-6924,china-unionpay,1
661-97-6924,jcb,2
662-09-4878,jcb,2
662-41-1619,jcb,1
662-41-1619,visa-electron,1
662-79-1960,diners-club-international,1
662-79-1960,jcb,1
663-21-3830,instapayment,1
663-21-3830,mastercard,1
663-21-3830,visa-electron,1
664-41-9065,jcb,1
664-41-9065,switch,1
664-64-5088,jcb,1
664-64-5088,solo,1
665-22-4206,diners-club-carte-blanche,1
665-22-4206,mastercard,1
665-93-4621,bankcard,1
665-93-4621,jcb,1
665-93-4621,laser,1
668-26-0247,jcb,2
669-21-1635,instapayment,1
669-21-1635,visa-electron,1
669-64-7098,diners-club-carte-blanche,1
669-64-7098,jcb,2
669-90-9092,china-unionpay,1
669-90-9092,jcb,1
671-31-6094,americanexpress,1
671-31-6094,jcb,1
671-31-6094,maestro,1
671-86-9135,bankcard,1
671-86-9135,jcb,1
672-23-5410,jcb,2
672-48-9836,jcb,2
673-04-2871,diners-club-enroute,1
673-04-2871,switch,1
673-62-6874,china-unionpay,1
673-62-6874,mastercard,1
673-81-9459,jcb,2
673-90-2982,diners-club-carte-blanche,1
673-90-2982,mastercard,1
673-91-9456,jcb,1
673-91-9456,maestro,1
674-42-0091,china-unionpay,1
674-42-0091,maestro,1
674-62-0845,americanexpress,1
674-62-0845,jcb,1
675-52-0937,jcb,2
676-92-1882,diners-club-us-ca,1
676-92-1882,jcb,1
677-12-3554,jcb,1
677-12-3554,visa-electron,1
677-84-5218,jcb,2
677-97-3334,jcb,1
677-97-3334,maestro,1
678-51-5743,bankcard,1
678-51-5743,jcb,1
678-72-1762,laser,1
678-72-1762,visa-electron,1
678-75-6018,solo,1
678-75-6018,switch,1
680-28-7652,jcb,1
680-28-7652,visa-electron,1
681-76-6788,bankcard,1
681-76-6788,china-unionpay,1
681-76-6788,jcb,1
682-71-9085,diners-club-enroute,1
682-71-9085,jcb,1
682-91-9429,mastercard,1
682-91-9429,visa-electron,1
683-02-0549,americanexpress,1
683-02-0549,jcb,1
683-06-0772,diners-club-us-ca,1
683-06-0772,mastercard,1
683-88-3286,diners-club-international,1
683-88-3286,instapayment,1
683-88-3286,jcb,2
684-21-0895,diners-club-carte-blanche,1
684-21-0895,jcb,1
684-35-9883,jcb,2
684-39-9173,diners-club-enroute,1
684-39-9173,jcb,1
685-36-5301,instapayment,1
685-36-5301,jcb,1
686-19-3662,jcb,2
687-05-9113,china-unionpay,1
687-05-9113,jcb,1
688-34-2185,visa,2
688-78-5201,jcb,2
689-03-4399,americanexpress,1
689-03-4399,jcb,1
690-51-8347,jcb,2
691-27-0274,jcb,1
691-27-0274,laser,1
692-10-7799,jcb,1
692-10-7799,mastercard,1
693-04-2091,americanexpress,1
693-04-2091,jcb,1
693-91-9862,jcb,2
695-13-1338,laser,1
695-13-1338,maestro,1
695-13-1338,visa-electron,1
695-88-0011,diners-club-carte-blanche,1
695-88-0011,mastercard,2
695-92-9828,jcb,1
695-92-9828,mastercard,1
695-95-5137,diners-club-us-ca,1
695-95-5137,jcb,1
696-37-7580,jcb,1
696-37-7580,switch,1
696-43-0960,solo,1
696-43-0960,visa,1
696-86-0666,china-unionpay,1
696-86-0666,diners-club-international,1
696-86-0666,visa-electron,1
697-80-6217,diners-club-carte-blanche,1
697-80-6217,diners-club-enroute,1
697-80-6217,mastercard,1
698-04-3319,jcb,2
698-38-0995,instapayment,1
698-38-0995,jcb,2
699-12-5544,bankcard,1
699-12-5544,jcb,1
699-14-5584,jcb,1
699-14-5584,maestro,1
699-24-8484,diners-club-carte-blanche,1
699-24-8484,jcb,1
700-25-5005,jcb,2
700-29-9950,jcb,1
700-29-9950,visa-electron,1
700-57-1665,bankcard,1
700-57-1665,switch,1
700-59-4995,americanexpress,1
700-59-4995,diners-club-carte-blanche,1
700-59-4995,visa-electron,1
701-15-0451,switch,1
701-15-0451,visa,1
701-34-1635,americanexpress,1
701-34-1635,visa-electron,1
701-88-4533,diners-club-carte-blanche,1
701-88-4533,jcb,1
701-88-8247,diners-club-carte-blanche,1
701-88-8247,diners-club-international,1
702-03-0356,americanexpress,1
702-03-0356,jcb,1
702-03-0356,visa,1
703-34-7618,bankcard,1
703-34-7618,jcb,1
703-91-6281,switch,1
703-91-6281,visa,1
704-47-3010,maestro,1
704-47-3010,mastercard,1
705-89-1373,jcb,2
705-89-1373,maestro,1
706-39-0075,americanexpress,1
706-39-0075,jcb,1
706-56-1195,jcb,3
706-82-9823,instapayment,1
706-82-9823,laser,1
708-02-9969,diners-club-enroute,1
708-02-9969,jcb,1
708-90-2158,jcb,2
709-91-0479,bankcard,1
709-91-0479,jcb,1
710-53-8275,diners-club-carte-blanche,1
710-53-8275,maestro,1
711-06-6448,mastercard,2
712-04-5101,americanexpress,1
712-04-5101,bankcard,1
712-04-5101,jcb,1
712-11-2512,china-unionpay,1
712-11-2512,mastercard,1
712-42-6117,jcb,1
712-42-6117,visa-electron,1
712-96-5144,diners-club-carte-blanche,1
712-96-5144,jcb,1
713-56-1067,jcb,2
713-75-1406,china-unionpay,1
713-75-1406,diners-club-international,1
714-43-9938,diners-club-carte-blanche,1
714-43-9938,jcb,1
715-79-4714,americanexpress,1
715-79-4714,bankcard,1
717-11-7661,instapayment,1
717-11-7661,jcb,1
717-38-6083,china-unionpay,1
717-38-6083,switch,1
717-91-7746,instapayment,1
717-91-7746,jcb,1
718-24-5800,diners-club-international,1
718-24-5800,visa,1
718-30-4487,laser,1
718-30-4487,visa-electron,1
718-87-9192,jcb,2
719-71-5418,jcb,2
720-93-8636,diners-club-international,1
720-93-8636,maestro,1
721-11-0350,china-unionpay,1
721-11-0350,laser,1
721-79-7518,mastercard,1
721-79-7518,switch,1
722-13-9708,china-unionpay,1
722-13-9708,diners-club-carte-blanche,1
722-13-9708,jcb,1
722-21-6586,americanexpress,1
722-21-6586,maestro,1
722-74-2108,americanexpress,1
722-74-2108,jcb,1
723-03-4330,americanexpress,1
723-03-4330,diners-club-enroute,1
723-03-4330,jcb,1
724-70-6288,americanexpress,1
724-70-6288,diners-club-carte-blanche,1
728-41-9694,jcb,1
728-41-9694,mastercard,1
729-04-4296,instapayment,1
729-04-4296,jcb,1
731-24-7851,jcb,1
731-24-7851,maestro,1
731-29-3713,diners-club-enroute,1
731-29-3713,jcb,1
731-76-2474,jcb,2
731-77-6603,diners-club-carte-blanche,1
731-77-6603,mastercard,1
731-78-7627,china-unionpay,1
731-78-7627,mastercard,1
731-88-8697,diners-club-carte-blanche,1
731-88-8697,jcb,1
732-22-4591,jcb,2
732-22-4591,mastercard,1
733-05-9908,jcb,1
733-05-9908,laser,1
733-05-9908,switch,1
733-88-0498,diners-club-enroute,1
733-88-0498,diners-club-us-ca,1
733-88-0498,jcb,1
733-88-0498,maestro,1
734-49-4905,americanexpress,1
734-49-4905,visa-electron,1
734-84-6791,china-unionpay,1
734-84-6791,visa-electron,2
736-41-4955,bankcard,1
736-41-4955,mastercard,1
736-56-3490,bankcard,1
736-56-3490,instapayment,1
736-95-4258,jcb,2
736-95-4258,mastercard,1
737-02-3535,jcb,1
737-02-3535,visa,1
737-20-8320,jcb,2
737-42-1380,diners-club-enroute,1
737-42-1380,jcb,3
737-77-8756,jcb,1
737-77-8756,mastercard,1
737-77-8756,visa,1
740-66-2170,jcb,2
740-70-7643,jcb,1
740-70-7643,solo,1
742-68-5951,maestro,1
742-68-5951,solo,1
744-12-1030,bankcard,1
744-12-1030,jcb,1
744-68-3707,laser,1
744-68-3707,mastercard,1
745-59-6101,jcb,1
745-59-6101,maestro,1
745-59-6101,visa-electron,1
746-68-8159,jcb,2
746-90-1056,diners-club-enroute,1
746-90-1056,maestro,1
746-90-1056,mastercard,1
747-07-9518,diners-club-enroute,1
747-07-9518,jcb,2
747-87-1747,bankcard,1
747-87-1747,diners-club-enroute,1
747-87-1747,diners-club-international,1
749-28-1246,jcb,2
751-02-6938,bankcard,1
751-02-6938,diners-club-international,1
751-38-8579,jcb,1
751-38-8579,mastercard,1
751-49-8409,maestro,1
751-49-8409,mastercard,1
751-72-9146,jcb,1
751-72-9146,laser,1
751-78-0935,bankcard,1
751-78-0935,diners-club-carte-blanche,1
752-97-6905,diners-club-carte-blanche,1
752-97-6905,instapayment,1
753-68-0528,jcb,2
754-20-9489,americanexpress,1
754-20-9489,jcb,1
754-88-0148,jcb,2
754-88-0148,maestro,1
755-49-2213,maestro,1
755-49-2213,visa-electron,1
755-84-8791,jcb,1
755-84-8791,mastercard,1
757-23-5871,jcb,2
757-46-6176,mastercard,1
757-46-6176,visa,1
758-85-0241,jcb,1
758-85-0241,switch,1
759-92-7862,diners-club-enroute,1
759-92-7862,jcb,1
759-92-7862,visa,1
760-07-6693,jcb,1
760-07-6693,mastercard,1
762-12-9352,diners-club-carte-blanche,1
762-12-9352,instapayment,1
762-28-0663,maestro,1
762-28-0663,visa-electron,1
763-02-0922,laser,1
763-02-0922,mastercard,1
763-03-5838,diners-club-enroute,2
763-03-5838,jcb,1
763-18-8900,jcb,2
763-56-5493,diners-club-carte-blanche,1
763-56-5493,jcb,1
763-96-8749,jcb,1
763-96-8749,mastercard,1
764-62-7221,bankcard,1
764-62-7221,jcb,2
765-29-8317,diners-club-carte-blanche,2
766-31-7814,jcb,3
766-77-4539,maestro,1
766-77-4539,switch,1
767-18-0531,jcb,2
767-18-0531,solo,1
767-18-0531,visa-electron,1
769-53-8645,jcb,1
769-53-8645,visa,1
771-61-0427,instapayment,1
771-61-0427,jcb,1
771-61-0427,visa-electron,1
772-19-2173,diners-club-carte-blanche,1
772-19-2173,jcb,1
772-58-7938,china-unionpay,1
772-58-7938,jcb,1
773-37-1488,instapayment,1
773-37-1488,jcb,1
773-37-1488,mastercard,1
773-59-6925,jcb,2
773-59-6925,laser,1
773-59-6925,visa-electron,1
773-99-3449,jcb,1
773-99-3449,switch,1
774-18-7343,diners-club-international,1
774-18-7343,jcb,1
774-35-2118,americanexpress,1
774-35-2118,diners-club-enroute,1
774-35-2118,maestro,1
775-03-2151,china-unionpay,1
775-03-2151,maestro,1
776-63-6040,jcb,1
776-63-6040,solo,1
776-91-7085,americanexpress,1
776-91-7085,diners-club-enroute,1
777-19-8266,jcb,2
777-22-0240,maestro,1
777-22-0240,mastercard,1
777-22-3006,bankcard,1
777-22-3006,jcb,1
777-81-3482,diners-club-enroute,1
777-81-3482,jcb,1
778-09-1575,jcb,1
778-09-1575,mastercard,1
778-09-1575,visa-electron,1
778-28-8398,jcb,1
778-28-8398,mastercard,1
779-22-1947,diners-club-carte-blanche,1
779-22-1947,jcb,1
779-29-1618,jcb,2
782-92-4167,maestro,1
782-92-4167,visa-electron,1
783-20-8347,jcb,2
783-85-4324,jcb,1
783-85-4324,switch,1
784-50-4106,americanexpress,1
784-50-4106,china-unionpay,1
785-43-0724,jcb,1
785-43-0724,mastercard,1
787-19-5201,diners-club-enroute,1
787-19-5201,jcb,1
788-80-9761,jcb,2
788-80-9761,maestro,1
789-48-0410,bankcard,1
789-48-0410,maestro,1
789-50-4580,jcb,2
789-59-7342,jcb,1
789-59-7342,laser,1
789-93-3694,instapayment,1
789-93-3694,jcb,1
790-61-4480,diners-club-carte-blanche,1
790-61-4480,mastercard,1
790-80-9320,jcb,1
790-80-9320,visa-electron,1
791-68-8665,americanexpress,1
791-68-8665,jcb,1
792-17-0251,diners-club-international,1
792-17-0251,switch,1
792-28-3121,bankcard,1
792-28-3121,jcb,1
793-01-4316,bankcard,1
793-01-4316,jcb,1
793-45-9412,jcb,2
793-45-9412,maestro,1
793-63-0945,jcb,2
793-63-0945,visa-electron,1
794-12-2177,diners-club-us-ca,1
794-12-2177,jcb,2
795-03-4861,china-unionpay,1
795-03-4861,jcb,1
795-26-1225,switch,1
795-26-1225,visa,1
796-07-2150,americanexpress,1
796-07-2150,visa-electron,1
796-28-2870,americanexpress,1
796-28-2870,jcb,2
796-49-1024,jcb,1
796-49-1024,mastercard,1
796-84-6549,china-unionpay,1
796-84-6549,jcb,1
796-84-6549,visa,1
796-95-1604,china-unionpay,1
796-95-1604,diners-club-carte-blanche,1
797-48-7806,diners-club-enroute,1
797-48-7806,jcb,1
798-41-1525,mastercard,1
798-41-1525,visa,1
798-81-4934,jcb,2
799-19-2737,visa,1
799-19-2737,visa-electron,1
800-70-0583,jcb,1
800-70-0583,mastercard,1
803-60-2637,china-unionpay,1
803-60-2637,jcb,1
804-29-7647,americanexpress,1
804-29-7647,bankcard,1
804-29-7647,jcb,2
804-94-6444,bankcard,1
804-94-6444,jcb,2
805-43-0285,jcb,1
805-43-0285,switch,1
806-58-1424,jcb,2
806-61-0716,jcb,1
806-61-0716,mastercard,1
806-85-0480,americanexpress,1
806-85-0480,jcb,1
806-85-0480,mastercard,1
807-28-7411,americanexpress,1
807-28-7411,mastercard,1
808-09-2835,bankcard,1
808-09-2835,jcb,1
808-29-9084,jcb,1
808-29-9084,switch,1
808-36-5958,diners-club-enroute,1
808-36-5958,switch,1
809-03-7843,diners-club-carte-blanche,1
809-03-7843,diners-club-enroute,1
809-60-5943,diners-club-carte-blanche,1
809-60-5943,jcb,2
809-79-2006,jcb,1
809-79-2006,visa-electron,1
810-66-7748,china-unionpay,1
810-66-7748,laser,1
810-66-7748,switch,1
810-74-7685,jcb,1
810-74-7685,laser,1
810-74-7685,maestro,1
810-76-3326,jcb,1
810-76-3326,visa,1
811-31-6033,jcb,1
811-31-6033,switch,1
811-60-0576,diners-club-carte-blanche,2
811-60-0576,diners-club-us-ca,1
811-60-0576,jcb,1
811-67-7211,instapayment,1
811-67-7211,jcb,1
812-88-2098,laser,1
812-88-2098,visa,1
813-08-2533,china-unionpay,1
813-08-2533,instapayment,1
813-34-7874,jcb,2
813-34-7874,maestro,1
814-79-5416,china-unionpay,1
814-79-5416,maestro,1
815-44-6487,diners-club-carte-blanche,1
815-44-6487,diners-club-enroute,1
815-90-2108,china-unionpay,1
815-90-2108,jcb,1
816-18-2960,jcb,1
816-18-2960,maestro,1
816-21-1572,china-unionpay,1
816-21-1572,jcb,1
816-21-1572,solo,1
816-58-7569,jcb,1
816-58-7569,mastercard,1
816-76-9937,jcb,2
818-31-1326,instapayment,1
818-31-1326,switch,1
820-56-8578,jcb,1
820-56-8578,visa-electron,1
820-76-8870,americanexpress,1
820-76-8870,jcb,1
821-63-1643,americanexpress,1
821-63-1643,diners-club-carte-blanche,1
822-06-2088,diners-club-enroute,1
822-06-2088,jcb,1
822-44-9684,jcb,1
822-44-9684,visa,1
822-48-9971,jcb,2
822-48-9971,solo,1
823-48-7352,mastercard,2
823-72-1805,china-unionpay,1
823-72-1805,jcb,1
824-12-6343,americanexpress,1
824-12-6343,jcb,1
824-33-5478,jcb,1
824-33-5478,visa,1
824-66-4746,jcb,1
824-66-4746,maestro,1
825-16-7589,jcb,1
825-16-7589,switch,1
826-48-7060,diners-club-enroute,1
826-48-7060,jcb,1
827-10-9119,china-unionpay,1
827-10-9119,mastercard,2
827-18-6110,jcb,1
827-18-6110,mastercard,1
827-43-9575,jcb,3
827-51-1592,china-unionpay,1
827-51-1592,jcb,1
828-14-9853,bankcard,1
828-14-9853,visa-electron,1
828-48-9663,jcb,2
828-94-0970,jcb,1
828-94-0970,switch,1
829-32-1153,jcb,2
830-11-7364,diners-club-enroute,1
830-11-7364,jcb,1
830-15-6878,jcb,4
831-39-7755,jcb,1
831-39-7755,maestro,1
832-02-5994,diners-club-carte-blanche,1
832-02-5994,instapayment,1
832-02-5994,solo,1
832-19-3666,americanexpress,1
832-19-3666,visa-electron,1
832-71-6765,diners-club-international,1
832-71-6765,jcb,2
833-19-1618,bankcard,1
833-19-1618,jcb,1
833-20-5862,instapayment,1
833-20-5862,jcb,1
834-57-1854,jcb,1
834-57-1854,visa-electron,1
835-82-0739,jcb,1
835-82-0739,maestro,1
835-87-8095,jcb,2
836-94-9152,bankcard,1
836-94-9152,mastercard,1
836-94-9152,visa-electron,1
837-35-5357,jcb,2
837-37-8113,jcb,1
837-37-8113,visa-electron,1
838-56-1414,jcb,2
839-73-1245,bankcard,1
839-73-1245,mastercard,1
840-67-9898,bankcard,1
840-67-9898,switch,1
840-99-1993,mastercard,1
840-99-1993,switch,1
841-66-2088,bankcard,1
841-66-2088,jcb,1
841-66-2088,maestro,1
841-66-5932,instapayment,2
842-39-5709,jcb,2
843-43-1134,diners-club-international,1
843-43-1134,laser,1
843-67-8048,jcb,1
843-67-8048,mastercard,1
844-31-6186,jcb,2
844-31-6186,visa,1
844-38-2789,mastercard,2
844-83-8332,jcb,1
844-83-8332,maestro,1
844-83-8332,visa,1
845-29-0765,laser,1
845-29-0765,maestro,1
845-65-1532,diners-club-carte-blanche,1
845-65-1532,mastercard,1
846-33-7185,jcb,2
846-33-7185,visa,1
846-65-5736,americanexpress,1
846-65-5736,mastercard,1
847-06-3678,diners-club-enroute,1
847-06-3678,jcb,1
847-06-3678,switch,1
847-48-1188,jcb,2
847-53-6359,americanexpress,1
847-53-6359,bankcard,1
847-53-6359,jcb,1
847-93-2524,jcb,2
847-93-2524,switch,1
848-07-1133,jcb,2
848-07-1133,maestro,1
848-94-7973,diners-club-carte-blanche,1
848-94-7973,jcb,1
849-49-8810,jcb,1
849-49-8810,mastercard,1
849-71-4342,americanexpress,1
849-71-4342,jcb,1
849-95-6470,jcb,1
849-95-6470,mastercard,1
849-99-4196,americanexpress,1
849-99-4196,jcb,1
849-99-4196,mastercard,1
851-56-9557,jcb,1
851-56-9557,laser,1
851-56-9557,mastercard,1
852-66-8280,jcb,2
853-47-1596,bankcard,1
853-47-1596,jcb,2
855-81-3116,jcb,1
855-81-3116,switch,1
855-86-4047,china-unionpay,1
855-86-4047,laser,1
855-93-3435,china-unionpay,1
855-93-3435,mastercard,1
856-52-5433,jcb,1
856-52-5433,visa-electron,1
856-61-7867,jcb,1
856-61-7867,mastercard,1
856-61-7867,switch,1
856-73-2381,diners-club-carte-blanche,1
856-73-2381,visa,1
857-02-8460,americanexpress,1
857-02-8460,jcb,1
857-02-8460,switch,1
857-19-0728,jcb,3
857-19-0728,mastercard,1
858-89-5002,jcb,1
858-89-5002,maestro,1
860-01-0205,jcb,3
860-10-6507,switch,1
860-10-6507,visa,1
860-17-8318,jcb,1
860-17-8318,mastercard,1
860-78-7790,americanexpress,1
860-78-7790,jcb,2
860-87-6886,jcb,2
862-29-6094,jcb,1
862-29-6094,maestro,1
862-58-1224,jcb,1
862-58-1224,mastercard,1
862-58-1224,visa-electron,1
865-08-8882,jcb,2
865-16-5688,diners-club-enroute,1
865-16-5688,jcb,1
865-21-0191,jcb,1
865-21-0191,mastercard,1
866-22-1988,jcb,2
866-58-7126,jcb,1
866-58-7126,visa-electron,1
867-27-7967,jcb,1
867-27-7967,switch,1
867-72-7112,jcb,1
867-72-7112,maestro,1
868-36-8014,diners-club-us-ca,1
868-36-8014,jcb,1
868-36-8014,visa,1
868-50-8767,diners-club-us-ca,1
868-50-8767,maestro,1
868-51-6483,maestro,1
868-51-6483,visa-electron,1
868-62-7765,jcb,1
868-62-7765,visa,1
871-35-1768,china-unionpay,1
871-35-1768,visa,1
872-64-6909,diners-club-us-ca,1
872-64-6909,mastercard,1
873-11-6506,americanexpress,1
873-11-6506,jcb,1
873-70-4375,jcb,2
873-70-4375,maestro,1
875-02-1245,maestro,1
875-02-1245,switch,1
875-99-0724,jcb,2
876-85-3659,instapayment,1
876-85-3659,jcb,1
878-93-1798,jcb,2
879-03-0775,jcb,2
879-22-2156,americanexpress,1
879-22-2156,jcb,2
879-22-2156,mastercard,1
879-86-1847,jcb,1
879-86-1847,mastercard,2
880-13-4005,jcb,2
880-13-4005,switch,1
881-99-4609,china-unionpay,1
881-99-4609,instapayment,1
881-99-4609,jcb,1
882-39-5991,diners-club-enroute,1
882-39-5991,jcb,1
882-64-1474,jcb,1
882-64-1474,visa-electron,1
882-93-5442,jcb,2
882-93-5442,maestro,1
882-93-5442,mastercard,1
883-49-6500,jcb,1
883-49-6500,solo,1
883-99-4759,jcb,1
883-99-4759,laser,1
884-37-9822,instapayment,1
884-37-9822,mastercard,2
884-57-6277,china-unionpay,1
884-57-6277,mastercard,1
884-64-2367,jcb,1
884-64-2367,laser,1
885-01-3387,instapayment,1
885-01-3387,mastercard,1
885-11-0003,diners-club-enroute,1
885-11-0003,switch,1
885-18-2304,bankcard,1
885-18-2304,jcb,1
886-10-7140,diners-club-carte-blanche,1
886-10-7140,maestro,1
887-34-7378,americanexpress,1
887-34-7378,jcb,1
887-43-1095,jcb,2
887-49-9144,jcb,2
887-82-2968,americanexpress,1
887-82-2968,visa,1
889-19-9044,bankcard,1
889-19-9044,jcb,1
889-19-9044,laser,1
889-55-1276,jcb,2
889-56-5000,china-unionpay,1
889-56-5000,solo,1
889-73-9705,china-unionpay,1
889-73-9705,diners-club-enroute,1
889-73-9705,jcb,2
889-98-6003,jcb,2
890-01-9699,bankcard,1
890-01-9699,diners-club-enroute,1
890-38-1834,jcb,1
890-38-1834,visa,1
890-47-3318,jcb,1
890-47-3318,switch,1
890-68-2590,americanexpress,1
890-68-2590,jcb,1
891-20-5464,jcb,1
891-20-5464,mastercard,2
892-50-8766,jcb,1
892-50-8766,visa,1
892-50-8766,visa-electron,1
892-71-9093,instapayment,1
892-71-9093,jcb,1
892-80-8428,jcb,2
893-12-4846,americanexpress,1
893-12-4846,jcb,1
893-24-5769,bankcard,1
893-24-5769,jcb,1
893-24-5769,mastercard,1
893-24-5769,switch,1
893-37-6034,jcb,2
895-61-5561,jcb,2
896-97-2954,maestro,1
896-97-2954,switch,1
897-03-0647,jcb,2
897-83-6166,jcb,2
898-34-3008,jcb,1
898-34-3008,mastercard,1
898-48-8527,jcb,1
898-48-8527,mastercard,2
898-61-8283,diners-club-carte-blanche,1
898-61-8283,jcb,1
899-12-5853,americanexpress,1
899-12-5853,jcb,2
